200.mp3;silence
200meters.mp3;silence
400.mp3;silence
400meters.mp3;silence
800.mp3;silence
800meters.mp3;silence
1000meters.mp3;silence
1500.mp3;silence
1500meters.mp3;silence
AndThen.mp3;silence
ApproachAccident.mp3;alert
ApproachHazard.mp3;alert
ApproachRedLightCam.mp3;alert
ApproachSpeedCam.mp3;alert
ApproachTraffic.mp3;alert
Arrive.mp3;notice
ExitLeft.mp3;notice
ExitRight.mp3;notice
Fifth.mp3;silence
First.mp3;silence
Fourth.mp3;silence
KeepLeft.mp3;notice
KeepRight.mp3;notice
Police.mp3;alert
Roundabout.mp3;notice
Second.mp3;silence
Seventh.mp3;silence
Sixth.mp3;silence
StartDrive1.mp3;silence
StartDrive2.mp3;silence
StartDrive3.mp3;silence
StartDrive4.mp3;silence
StartDrive5.mp3;silence
StartDrive6.mp3;silence
StartDrive7.mp3;silence
StartDrive8.mp3;silence
StartDrive9.mp3;silence
Straight.mp3;notice
Third.mp3;silence
TickerPoints.mp3;notice
TurnLeft.mp3;notice
TurnRight.mp3;notice
uturn.mp3;notice
within.mp3;silence
reminder.mp3;notice
rec_start.mp3;silence
rec_end.mp3;silence
ping.mp3;notice
ping2.mp3;notice
message_ticker.mp3;notice
m.mp3;silence
ft.mp3;silence
Exit.mp3;notice
click_long.mp3;silence
click.mp3;silence
bonus.mp3;silence
alert_1.mp3;alert
1000.mp3;silence
